Time(s),X_cm,Y_cm,X_px_raw,Y_px_raw
0.0,9.3829529590634,14.028093524193633,1183.0,867.0
0.033,9.307431821703236,14.044820932253547,1181.974,866.9919
0.067,9.362374466034613,13.950497065574845,1182.947,867.9838
0.1,9.215210222979785,13.980078056105004,1180.956,868.0042
0.133,9.17452786834339,14.155632666380754,1179.944,866.001
0.167,9.174399025292391,14.155751705192731,1179.942,865.9999
0.2,9.101249028611694,14.167317504631505,1178.961,866.0477
0.233,9.118783175982266,14.242919804058348,1178.98,865.0956
0.267,9.119381077633822,14.238843331933971,1178.999,865.143
0.3,9.119978979285381,14.234766859809602,1179.018,865.1904
0.333,9.046834066020107,14.246356574837629,1178.037,865.2379
0.367,9.047431967671663,14.242280102713252,1178.056,865.2853
0.4,9.048029869323218,14.238203630588876,1178.075,865.3327
0.433,9.048626076502966,14.234119186601422,1178.094,865.3802
0.467,9.031649100266954,14.154973990742699,1178.092,866.3734
0.5,8.884335554112198,14.18602815854094,1176.095,866.3765
0.533,8.884509332262912,14.185757923897471,1176.098,866.3793
0.567,8.884684804885445,14.18549566111708,1176.101,866.382
0.6,8.793934386852833,14.123322959688338,1175.095,867.3597
0.633,8.79385047890154,14.123290802668825,1175.094,867.3603
0.667,8.793840312070694,14.123242971490308,1175.094,867.3609
0.7,8.79375132070398,14.123186898881544,1175.093,867.3618
0.733,8.793664023809075,14.123138798135862,1175.092,867.3626
0.767,8.793575032442345,14.123082725527103,1175.091,867.3635
0.8,8.79348773554744,14.12303462478143,1175.09,867.3643
0.833,8.153467112372969,14.009139178304487,1167.1,870.364
0.867,8.153423871745067,14.009298345999063,1167.099,870.3622
0.9,8.244139015959925,14.077469277690383,1168.088,869.3126
0.933,8.335324534085485,14.146040150371826,1169.082,868.257
0.967,8.335750472567502,14.150582225361115,1169.075,868.2014
1.0,8.33615607738783,14.155028637993368,1169.068,868.147
1.033,8.336637117800407,14.1594673483297,1169.062,868.0925
1.067,8.263392983143968,14.171678059977014,1168.078,868.1328
1.1,8.2639654045248,14.16820691031291,1168.095,868.173
1.133,8.264464084785185,14.164751434807817,1168.111,868.2132
1.167,8.265034811694193,14.161272313280632,1168.128,868.2535
1.2,8.265531797482772,14.157808865912457,1168.144,868.2938
1.233,8.266104218863607,14.154337716248358,1168.161,868.334
1.267,8.266597815708552,14.150858325154012,1168.177,868.3745
1.3,8.267093107025325,14.14738690592275,1168.193,868.4149
1.333,8.226783978541919,14.31962102323157,1167.195,866.4506
1.367,8.226251098755167,14.316751422087528,1167.196,866.4864
1.4,8.151234919871575,14.326064303927012,1166.197,866.566
1.433,8.135345984117013,14.249862342950209,1166.201,867.5211
1.467,8.136326330848238,14.253386715135992,1166.204,867.4763
1.5,8.137368557397274,14.256839610121153,1166.208,867.4322
1.533,8.138410783946286,14.260292505106307,1166.212,867.3881
1.567,8.139377574903051,14.263753102387394,1166.215,867.3441
1.6,8.140419801452087,14.267205997372557,1166.219,867.3
1.633,8.141462028001099,14.27065889235771,1166.223,867.2559
1.667,8.1424974766629,14.274079899890515,1166.227,867.2122
1.7,8.1435363142683,14.2775168511495,1166.231,867.1683
1.733,8.1435363142683,14.2775168511495,1166.231,867.1683
1.767,8.1435363142683,14.2775168511495,1166.231,867.1683
1.8,8.1435363142683,14.2775168511495,1166.231,867.1683
1.833,8.1435363142683,14.2775168511495,1166.231,867.1683
1.867,8.1435363142683,14.2775168511495,1166.231,867.1683
1.9,8.1435363142683,14.2775168511495,1166.231,867.1683
1.933,8.1435363142683,14.2775168511495,1166.231,867.1683
1.967,8.1435363142683,14.2775168511495,1166.231,867.1683
2.0,8.1435363142683,14.2775168511495,1166.231,867.1683
2.033,8.1435363142683,14.2775168511495,1166.231,867.1683
2.067,8.1435363142683,14.2775168511495,1166.231,867.1683
2.1,8.1435363142683,14.2775168511495,1166.231,867.1683
2.133,8.1435363142683,14.2775168511495,1166.231,867.1683
2.167,8.1435363142683,14.2775168511495,1166.231,867.1683
2.2,8.1435363142683,14.2775168511495,1166.231,867.1683
2.233,8.1435363142683,14.2775168511495,1166.231,867.1683
2.267,8.1435363142683,14.2775168511495,1166.231,867.1683
2.3,8.1435363142683,14.2775168511495,1166.231,867.1683
2.333,8.1435363142683,14.2775168511495,1166.231,867.1683
2.367,8.1435363142683,14.2775168511495,1166.231,867.1683
2.4,8.1435363142683,14.2775168511495,1166.231,867.1683
2.433,8.1435363142683,14.2775168511495,1166.231,867.1683
2.467,8.1435363142683,14.2775168511495,1166.231,867.1683
2.5,8.1435363142683,14.2775168511495,1166.231,867.1683
2.533,8.1435363142683,14.2775168511495,1166.231,867.1683
2.567,8.1435363142683,14.2775168511495,1166.231,867.1683
2.6,8.1435363142683,14.2775168511495,1166.231,867.1683
2.633,8.1435363142683,14.2775168511495,1166.231,867.1683
2.667,8.1435363142683,14.2775168511495,1166.231,867.1683
2.7,8.1435363142683,14.2775168511495,1166.231,867.1683
2.733,8.1435363142683,14.2775168511495,1166.231,867.1683
2.767,8.1435363142683,14.2775168511495,1166.231,867.1683
2.8,8.1435363142683,14.2775168511495,1166.231,867.1683
2.833,8.1435363142683,14.2775168511495,1166.231,867.1683
2.867,8.1435363142683,14.2775168511495,1166.231,867.1683
2.9,8.1435363142683,14.2775168511495,1166.231,867.1683
2.933,8.1435363142683,14.2775168511495,1166.231,867.1683
2.967,8.1435363142683,14.2775168511495,1166.231,867.1683
3.0,8.1435363142683,14.2775168511495,1166.231,867.1683
3.033,8.1435363142683,14.2775168511495,1166.231,867.1683
3.067,8.1435363142683,14.2775168511495,1166.231,867.1683
3.1,8.1435363142683,14.2775168511495,1166.231,867.1683
3.133,8.1435363142683,14.2775168511495,1166.231,867.1683
3.167,8.1435363142683,14.2775168511495,1166.231,867.1683
3.2,8.1435363142683,14.2775168511495,1166.231,867.1683
3.233,8.1435363142683,14.2775168511495,1166.231,867.1683
3.267,8.1435363142683,14.2775168511495,1166.231,867.1683
3.3,8.1435363142683,14.2775168511495,1166.231,867.1683
3.333,8.1435363142683,14.2775168511495,1166.231,867.1683
3.367,8.1435363142683,14.2775168511495,1166.231,867.1683
3.4,8.1435363142683,14.2775168511495,1166.231,867.1683
3.433,8.1435363142683,14.2775168511495,1166.231,867.1683
3.467,8.1435363142683,14.2775168511495,1166.231,867.1683
3.5,8.1435363142683,14.2775168511495,1166.231,867.1683
3.533,8.1435363142683,14.2775168511495,1166.231,867.1683
3.567,8.1435363142683,14.2775168511495,1166.231,867.1683
3.6,8.1435363142683,14.2775168511495,1166.231,867.1683
3.633,8.1435363142683,14.2775168511495,1166.231,867.1683
3.667,8.1435363142683,14.2775168511495,1166.231,867.1683
3.7,8.1435363142683,14.2775168511495,1166.231,867.1683
3.733,8.1435363142683,14.2775168511495,1166.231,867.1683
3.767,8.1435363142683,14.2775168511495,1166.231,867.1683
3.8,8.1435363142683,14.2775168511495,1166.231,867.1683
3.833,8.1435363142683,14.2775168511495,1166.231,867.1683
3.867,8.1435363142683,14.2775168511495,1166.231,867.1683
3.9,8.1435363142683,14.2775168511495,1166.231,867.1683
3.933,8.1435363142683,14.2775168511495,1166.231,867.1683
3.967,8.1435363142683,14.2775168511495,1166.231,867.1683
4.0,8.1435363142683,14.2775168511495,1166.231,867.1683
4.033,8.1435363142683,14.2775168511495,1166.231,867.1683
4.067,6.021046513120416,15.895150771778253,1134.231,853.1683
4.1,6.020890558520492,15.895142260780847,1134.229,853.1688
4.133,6.020808345041008,15.895118075624431,1134.228,853.1693
4.167,6.020727826033333,15.895101862331098,1134.227,853.1697
4.2,6.020645612553851,15.895077677174681,1134.226,853.1702
4.233,6.02048965795391,15.895069166177283,1134.224,853.1707
4.267,6.0204074444744275,15.895044981020865,1134.223,853.1712
4.3,6.020325230994944,15.895020795864449,1134.222,853.1717
4.333,6.0202430175154635,15.894996610708034,1134.221,853.1722
4.367,5.9617058870529895,15.988001500452734,1133.205,852.2053
4.4,5.904117787190119,16.084020832712824,1132.193,851.1998
4.433,5.903324395222404,16.08463940322769,1132.181,851.1944
4.467,5.943053951153916,15.9104038091498,1133.177,853.1842
4.5,5.942958181899971,15.910315849088686,1133.176,853.1855
4.533,5.942862412646029,15.910227889027581,1133.175,853.1868
4.567,5.942770032335698,15.91015587269264,1133.174,853.1879
4.6,5.9426776520253695,15.910083856357707,1133.173,853.189
4.633,5.94258527171504,15.910011840022761,1133.172,853.1901
4.667,5.9424928914047115,15.909939823687829,1133.171,853.1912
4.7,5.94240051109438,15.909867807352883,1133.17,853.1923
4.733,5.9423081307840535,15.90979579101795,1133.169,853.1934
4.767,5.942215750473707,15.90972377468302,1133.168,853.1945
4.8,5.9421216756915705,15.909643786484988,1133.167,853.1957
4.833,5.942029295381239,15.909571770150047,1133.166,853.1968
4.867,5.858494787722613,15.511859025129375,1133.179,858.1832
4.9,6.095233669078415,15.54653370324636,1136.155,857.1631
4.933,6.130584182288142,15.707768408114369,1136.169,855.1378
4.967,6.1320571206443955,15.709621654290684,1136.183,855.1118
5.0,6.133617355895568,15.711523001212674,1136.198,855.085
5.033,6.135177591146727,15.713424348134671,1136.213,855.0582
5.067,6.1366640852774585,15.715341369215686,1136.227,855.0314
5.1,6.138224320528616,15.71724271613768,1136.242,855.0046
5.133,5.756898983047845,16.467241615566333,1129.226,846.976
5.167,5.756837103230042,16.467313092766965,1129.225,846.9753
5.2,5.756843881117272,16.467344980219305,1129.225,846.9749
5.233,5.756852353476313,16.467384839534745,1129.225,846.9744
5.267,5.756860825835352,16.467424698850177,1129.225,846.9739
5.3,5.75686929819439,16.467464558165613,1129.225,846.9734
5.333,5.756877770553429,16.46750441748104,1129.225,846.9729
5.367,5.756886242912468,16.467544276796474,1129.225,846.9724
5.4,5.756894715271507,16.467584136111906,1129.225,846.9719
5.433,5.756903187630545,16.46762399542734,1129.225,846.9714
5.467,5.756908271045971,16.467647911016602,1129.225,846.9711
5.5,5.756915048933201,16.467679798468946,1129.225,846.9707
5.533,5.008489785127086,17.292000440812995,1117.241,838.9866
5.567,4.413738922217517,19.585530739371546,1103.199,812.9772
5.6,4.374535657766346,19.760429345921416,1102.208,810.9781
5.633,4.375108642011814,19.76022423401843,1102.216,810.9791
5.667,4.375683320729106,19.760027093978522,1102.224,810.98
5.7,4.376256304974591,19.759821982075536,1102.232,810.981
5.733,4.376830983691884,19.759624842035635,1102.24,810.9819
5.767,4.3774056624091795,19.75942770199573,1102.248,810.9828
5.8,4.377980341126471,19.75923056195582,1102.256,810.9837
5.833,4.378628760964206,19.759017747756904,1102.265,810.9846
5.867,4.37920513415329,19.758828579580086,1102.273,810.9854
5.9,4.379781507342392,19.758639411403266,1102.281,810.9862
5.933,4.380356186059683,19.75844227136336,1102.289,810.9871
5.967,4.3810063003692274,19.758237429027538,1102.298,810.9879
6.0,4.381580979086521,19.758040288987633,1102.306,810.9888
6.033,4.3821573522756205,19.757851120810813,1102.314,810.9896
6.067,4.005460410919496,20.880258004373264,1094.331,798.4796
6.1,3.819610596147585,21.086810555422986,1091.35,796.4747
6.133,3.672797924396071,21.118408157746906,1089.358,796.47
6.167,3.6727258777474345,21.118431803769006,1089.357,796.4699
6.2,3.6726538310988013,21.118455449791114,1089.356,796.4698
6.233,3.6725800899783576,21.11847112395013,1089.355,796.4698
6.267,3.6725080433297217,21.118494769972234,1089.354,796.4697
6.3,3.67243430220928,21.118510444131246,1089.353,796.4697
6.333,3.6723622555606426,21.118534090153343,1089.352,796.4696
6.367,3.8388063840646476,21.916458701696534,1089.311,786.4684
6.4,3.8357329796112736,21.917228622458392,1089.269,786.467
6.433,3.832733316278342,21.91798286906124,1089.228,786.4656
6.467,3.8297319584735843,21.918729143801006,1089.187,786.4643
6.5,3.826656859548401,21.919491092699783,1089.145,786.463
6.533,3.823655501743662,21.920237367439547,1089.104,786.4617
6.567,3.820580402818461,21.920999316338317,1089.062,786.4604
6.6,3.8175807394855292,21.921753562941173,1089.021,786.459
6.633,3.8145776872089803,21.922491865817843,1088.98,786.4578
6.667,3.8852454032006265,21.907587627564215,1089.938,786.4564
6.7,3.88224404539587,21.90833390230398,1089.897,786.4551
6.733,3.879168946470687,21.909095851202757,1089.855,786.4538
6.767,3.8761675886659472,21.909842125942518,1089.814,786.4525
6.8,3.9346656625786656,22.8968354773354,1087.851,774.4575
6.833,3.94972856904588,22.978578846274416,1087.821,773.438
6.867,3.9478467574350535,22.98060358434678,1087.791,773.4185
6.9,3.9459632513524205,22.98262035055606,1087.761,773.3991
6.933,3.9441534863902286,22.984621442606326,1087.732,773.3797
6.967,3.9422699803075925,22.986638208815595,1087.702,773.3603
7.0,3.9403864742249586,22.988654975024872,1087.672,773.3409
7.033,3.9385029681423243,22.99067174123415,1087.642,773.3215
7.067,3.936693203180135,22.992672833284416,1087.613,773.3021
7.1,3.934809697097501,22.994689599493693,1087.583,773.2827
7.133,3.9329278854866745,22.996714337566058,1087.553,773.2632
7.167,3.931044379404023,22.998731103775338,1087.523,773.2438
7.2,3.929236308913638,23.000740167688686,1087.494,773.2243
7.233,3.9273544973028125,23.00276490576105,1087.464,773.2048
7.267,3.925470991220178,23.00478167197033,1087.434,773.1854
7.3,3.9236629207297953,23.006790735883676,1087.405,773.1659
7.333,3.9236629207297953,23.006790735883676,1087.405,773.1659
7.367,3.9236629207297953,23.006790735883676,1087.405,773.1659
7.4,3.9236629207297953,23.006790735883676,1087.405,773.1659
7.433,3.9236629207297953,23.006790735883676,1087.405,773.1659
7.467,3.9236629207297953,23.006790735883676,1087.405,773.1659
7.5,3.9236629207297953,23.006790735883676,1087.405,773.1659
7.533,3.9236629207297953,23.006790735883676,1087.405,773.1659
7.567,3.9236629207297953,23.006790735883676,1087.405,773.1659
7.6,3.9236629207297953,23.006790735883676,1087.405,773.1659
7.633,3.9236629207297953,23.006790735883676,1087.405,773.1659
7.667,3.9236629207297953,23.006790735883676,1087.405,773.1659
7.7,3.9236629207297953,23.006790735883676,1087.405,773.1659
7.733,3.9236629207297953,23.006790735883676,1087.405,773.1659
7.767,3.9236629207297953,23.006790735883676,1087.405,773.1659
7.8,3.9236629207297953,23.006790735883676,1087.405,773.1659
7.833,3.9236629207297953,23.006790735883676,1087.405,773.1659
7.867,4.022505150237167,26.735196556022363,1078.405,728.1659
7.9,4.022429714644916,26.735204258318284,1078.404,728.166
7.933,4.022355973524472,26.7352199324773,1078.403,728.166
7.967,4.022280537932222,26.73522763477323,1078.402,728.1661
8.0,4.02220679681178,26.735243308932247,1078.401,728.1661
8.033,4.022131361219528,26.735251011228176,1078.4,728.1662
8.067,4.0221296667477215,26.73524303936509,1078.4,728.1663
8.1,4.161583226933365,27.74848032923778,1077.415,715.6498
8.133,4.139471410355662,28.001974881794872,1076.429,712.6638
8.167,4.140340301109234,28.000623708577507,1076.444,712.6778
8.2,4.046702797062637,28.271512840325514,1074.482,709.6655
8.233,4.049785426320543,28.271874115420484,1074.521,709.6533
8.267,4.052871444522065,28.272251334241624,1074.56,709.6409
8.3,4.05595576825178,28.272620581199675,1074.599,709.6286
8.333,4.059040091981494,28.272989828157733,1074.638,709.6163
8.367,4.0620523690625765,28.273382721137896,1074.676,709.6039
8.4,4.065136692792289,28.27375196809595,1074.715,709.5916
8.433,4.068222710993813,28.27412918691709,1074.754,709.5792
8.467,4.071233293603083,28.27451410803416,1074.792,709.5669
8.5,4.074317617332798,28.274883354992213,1074.831,709.5546
8.533,4.077403635534323,28.275260573813362,1074.87,709.5422
8.567,4.080487959264054,28.27562982077141,1074.909,709.5299
8.6,4.083498541873307,28.276014741888485,1074.947,709.5176
8.633,4.086584560074849,28.27639196070963,1074.986,709.5052
8.667,4.089668883804564,28.276761207667683,1075.025,709.4929
8.7,4.018938345968814,28.292820287800243,1074.063,709.4806
8.733,3.9355674526640088,29.353162084303037,1070.057,696.9672
8.767,3.9347139385439225,29.353135203475045,1070.046,696.9697
8.8,3.932303388535436,29.353397620670936,1070.014,696.9727
8.833,3.9298945329987753,29.353668009729923,1069.982,696.9756
8.867,4.001225103435326,29.338256267910324,1070.95,696.9786
8.9,3.9988145534268416,29.33851868510623,1070.918,696.9816
8.933,3.9964040034183714,29.338781102302118,1070.886,696.9846
8.967,3.99399514788171,29.339051491361104,1070.854,696.9875
9.0,3.991584597873224,29.339313908557003,1070.822,696.9905
9.033,3.9891740478647537,29.33957632575289,1070.79,696.9935
9.067,4.005016038079762,29.419546012730947,1070.775,695.9933
9.1,4.005017732551569,29.419553984594035,1070.775,695.9932
9.133,4.004943991431109,29.419569658753055,1070.774,695.9932
9.167,4.0048736392542805,29.41960127663824,1070.773,695.993
9.2,4.00487533372609,29.41960924850133,1070.773,695.9929
9.233,4.004803287077454,29.419632894523435,1070.772,695.9928
9.267,4.004731240428818,29.419656540545528,1070.771,695.9927
9.3,4.004659193780182,29.419680186567632,1070.77,695.9926
9.333,4.004659193780182,29.419680186567632,1070.77,695.9926
9.367,4.004585452659739,29.419695860726648,1070.769,695.9926
9.4,4.004585452659739,29.419695860726648,1070.769,695.9926
9.433,4.004511711539296,29.419711534885664,1070.768,695.9926
9.467,4.004437970418852,29.419727209044677,1070.767,695.9926
9.5,4.004437970418852,29.419727209044677,1070.767,695.9926
9.533,4.004437970418852,29.419727209044677,1070.767,695.9926
9.567,4.004437970418852,29.419727209044677,1070.767,695.9926
9.6,4.004437970418852,29.419727209044677,1070.767,695.9926
9.633,4.004437970418852,29.419727209044677,1070.767,695.9926
9.667,4.004437970418852,29.419727209044677,1070.767,695.9926
9.7,4.004437970418852,29.419727209044677,1070.767,695.9926
9.733,4.004437970418852,29.419727209044677,1070.767,695.9926
9.767,4.004437970418852,29.419727209044677,1070.767,695.9926
9.8,4.004437970418852,29.419727209044677,1070.767,695.9926
9.833,4.004437970418852,29.419727209044677,1070.767,695.9926
9.867,4.004437970418852,29.419727209044677,1070.767,695.9926
9.9,4.004437970418852,29.419727209044677,1070.767,695.9926
9.933,4.004437970418852,29.419727209044677,1070.767,695.9926
9.967,4.004437970418852,29.419727209044677,1070.767,695.9926
10.0,4.004437970418852,29.419727209044677,1070.767,695.9926
10.033,4.004437970418852,29.419727209044677,1070.767,695.9926
10.067,4.004437970418852,29.419727209044677,1070.767,695.9926
10.1,4.004437970418852,29.419727209044677,1070.767,695.9926
10.133,4.004437970418852,29.419727209044677,1070.767,695.9926
10.167,6.866533118868451,31.644261729030653,1101.767,661.9926
10.2,8.029134771490131,32.39863696448422,1114.771,649.9728
10.233,8.030912967546234,32.39902554438984,1114.793,649.9636
10.267,8.032687774658738,32.3993981805693,1114.815,649.9546
10.3,8.10434023154515,32.38622599314275,1115.781,649.9299
10.333,8.102249873514747,32.388719992868594,1115.747,649.9053
10.367,8.10023325660477,32.39119831843542,1115.714,649.8807
10.4,8.098142898574373,32.39369231816128,1115.68,649.8561
10.433,8.096052540543953,32.396186317887114,1115.646,649.8315
10.467,8.09396218251355,32.39868031761295,1115.612,649.8069
10.5,8.091871824483134,32.401174317338814,1115.578,649.7823
10.533,8.089779771980924,32.40366034520157,1115.544,649.7578
10.567,8.468882246157662,32.73861483579285,1119.539,644.7706
10.6,8.468894107460317,32.738670638834456,1119.539,644.7699
10.633,8.468905968762972,32.73872644187607,1119.539,644.7692
10.667,8.468916135593817,32.73877427305459,1119.539,644.7686
10.7,8.468854255776026,32.7388457502552,1119.538,644.7679
10.733,8.468866117078683,32.73890155329681,1119.538,644.7672
10.767,8.468804237260896,32.73897303049744,1119.537,644.7665
10.8,8.468817793035358,32.73903680540213,1119.537,644.7657
10.833,8.468829654338013,32.73909260844374,1119.537,644.765
10.867,8.468767774520222,32.739164085644354,1119.536,644.7643
10.9,8.468781330294686,32.73922786054905,1119.536,644.7635
10.933,8.46879319159734,32.73928366359066,1119.536,644.7628
10.967,8.46873131177955,32.739355140791275,1119.535,644.7621
11.0,8.468743173082206,32.73941094383289,1119.535,644.7614
11.033,8.468756728856668,32.73947471873758,1119.535,644.7606
11.067,8.468694849038881,32.7395461959382,1119.534,644.7599
11.1,9.726199429327643,33.38852914571979,1134.06,633.7629
11.133,9.726223151932953,33.388640751802996,1134.06,633.7615
11.167,9.726245180066451,33.38874438602312,1134.06,633.7602
11.2,9.728983578772926,33.39038697453777,1134.091,633.7335
11.233,9.73172197747942,33.392029563052425,1134.122,633.7068
11.267,9.734460376185897,33.39367215156709,1134.153,633.6801
11.3,9.737200469364181,33.39532271194484,1134.184,633.6533
11.333,9.739940562542465,33.39697327232259,1134.215,633.6265
11.367,9.742680655720765,33.39862383270033,1134.246,633.5997
11.4,9.745420748899049,33.40027439307808,1134.277,633.5729
11.433,9.748160842077333,33.401924953455826,1134.308,633.5461
11.467,9.750900935255617,33.403575513833566,1134.339,633.5193
11.5,9.7536410284339,33.40522607421132,1134.37,633.4925
11.533,9.7563811216122,33.40687663458906,1134.401,633.4657
11.567,9.759119520318677,33.408519223103724,1134.432,633.439
11.6,9.761856224553345,33.41015383975529,1134.463,633.4124
11.633,9.764520882139376,33.41181210242896,1134.493,633.3857
11.667,9.767259280845852,33.413454690943624,1134.524,633.359
11.7,9.769997679552345,33.41509727945829,1134.555,633.3323
11.733,9.772734383787014,33.416731896109866,1134.586,633.3057
11.767,9.775472782493491,33.418374484624515,1134.617,633.279
11.8,11.056868530561776,34.18990930962006,1149.115,620.7502
11.833,11.075210940984672,34.26931418773925,1149.134,619.7504
11.867,11.148607767684652,34.255646242550014,1150.124,619.7272
11.9,11.148189732819173,34.25766813053529,1150.113,619.704
11.933,11.147847133545941,34.259682316224634,1150.103,619.6807
11.967,11.147506228744518,34.26170447377707,1150.093,619.6573
12.0,11.147089888350845,34.26373433362544,1150.082,619.634
12.033,11.146747289077597,34.26574851931479,1150.072,619.6107
12.067,11.14633264315573,34.26778635102623,1150.061,619.5873
12.1,11.145990043882499,34.269800536715586,1150.051,619.564
12.133,11.14557539796063,34.271838368427034,1150.04,619.5406
12.167,11.723880791985138,34.81514521594876,1156.045,611.5446
12.2,11.724188496602274,34.814779858082574,1156.05,611.5482
12.233,11.724497895691233,34.81442247207946,1156.055,611.5517
12.267,11.724733553659732,34.81408076023536,1156.059,611.5552
12.3,11.725041258276883,34.81371540236916,1156.064,611.5588
12.333,11.725350657365828,34.81335801636605,1156.069,611.5623
12.367,11.72565836198298,34.81299265849985,1156.074,611.5659
12.4,11.725894019951479,34.81265094665576,1156.078,611.5694
12.433,11.72620341904044,34.81229356065264,1156.083,611.5729
12.467,11.726511123657575,34.811928202786454,1156.088,611.5765
12.5,11.726820522746536,34.81157081678334,1156.093,611.58
12.533,11.727128227363671,34.811205458917144,1156.098,611.5836
12.567,11.72736219086038,34.81085577520996,1156.102,611.5872
12.6,11.727669895477515,34.810490417343765,1156.107,611.5908
12.633,11.727977600094668,34.81012505947758,1156.112,611.5944
12.667,11.728285304711804,34.80975970161137,1156.117,611.598
12.7,11.728519268208512,34.809410017904185,1156.121,611.6016
12.733,12.618398167092357,35.37033513255918,1166.12,602.5993
12.767,12.636177886487847,35.44854315294672,1166.135,601.6153
12.8,12.850644918470518,35.73487169194924,1168.128,597.6317
12.833,12.849926272843186,35.733666323220206,1168.122,597.648
12.867,12.849132191623585,35.7324686567871,1168.115,597.6644
12.9,12.848339804875796,35.73127896221709,1168.108,597.6807
12.933,12.84754572365621,35.73008129578398,1168.101,597.6971
12.967,12.846753336908417,35.72889160121396,1168.094,597.7134
13.0,12.845960950160627,35.72770190664395,1168.087,597.7297
13.033,12.84524230453328,35.72649653791492,1168.081,597.746
13.067,12.844449917785504,35.725306843344896,1168.074,597.7623
13.1,12.84365753103771,35.72411714877487,1168.067,597.7786
13.133,12.84286514428992,35.722927454204864,1168.06,597.7949
13.167,12.842072757542145,35.72173775963484,1168.053,597.8112
13.2,12.841280370794351,35.720548065064825,1168.046,597.8275
13.233,12.840561725167003,35.71934269633578,1168.04,597.8438
13.267,12.839769338419213,35.71815300176577,1168.033,597.8601
13.3,12.83897356272782,35.71694736346957,1168.026,597.8766
13.333,12.83817948150822,35.71574969703648,1168.019,597.893
13.367,12.83738540028862,35.714552030603365,1168.012,597.9094
13.4,12.83659131906904,35.713354364170264,1168.005,597.9258
13.433,12.835869284498072,35.71213305171506,1167.999,597.9423
13.467,12.908816323723494,35.69526122626646,1168.992,597.9587
13.5,13.419113086521776,35.92042561388977,1174.992,593.9545
13.533,13.492373539838036,35.90575348351879,1175.983,593.9437
13.567,13.49189626165289,35.90677145588946,1175.974,593.9327
13.6,13.491417288995933,35.907781456397046,1175.965,593.9218
13.633,13.491013751931245,35.9087837546087,1175.957,593.9108
13.667,13.490536473746097,35.909801726979374,1175.948,593.8998
13.7,13.490059195560951,35.91081969935004,1175.939,593.8888
13.733,13.489581917375803,35.91183767172072,1175.93,593.8778
13.767,13.489104639190655,35.912855644091394,1175.921,593.8668
13.8,13.488627361005506,35.913873616462055,1175.912,593.8558
13.833,13.488150082820361,35.91489158883274,1175.903,593.8448
13.867,13.487671110163404,35.91590158934033,1175.894,593.8339
13.9,13.696723334794434,36.53790392178878,1176.891,585.8354
13.933,13.696726723738049,36.53791986551495,1176.891,585.8352
13.967,13.696730112681664,36.53793580924113,1176.891,585.835
14.0,13.696733501625282,36.5379517529673,1176.891,585.8348
14.033,13.696735196097091,36.537959724830394,1176.891,585.8347
14.067,13.696738585040702,36.537975668556555,1176.891,585.8345
14.1,13.696668232863878,36.538007286441754,1176.89,585.8343
14.133,13.696671621807493,36.53802323016792,1176.89,585.8341
14.167,13.696675010751107,36.5380391738941,1176.89,585.8339
14.2,13.696678399694722,36.53805511762027,1176.89,585.8337
14.233,13.696606353046072,36.53807876364238,1176.889,585.8336
14.267,13.696609741989686,36.53809470736856,1176.889,585.8334
14.3,13.6966131309333,36.538110651094726,1176.889,585.8332
14.333,13.696616519876919,36.5381265948209,1176.889,585.833
14.367,13.696546167700092,36.538158212706094,1176.888,585.8328
14.4,13.696549556643706,36.53817415643226,1176.888,585.8326
14.433,13.696551251115512,36.53818212829535,1176.888,585.8325
14.467,13.69655464005913,36.538198072021515,1176.888,585.8323
14.5,13.907970245801,37.53573108724483,1176.88,573.3207
14.533,14.053556556441086,37.503077694620416,1178.859,573.3412
14.567,14.051585190598892,37.5017803223229,1178.837,573.3618
14.6,14.049608741341277,37.50045903443613,1178.815,573.3827
14.633,14.047632292083641,37.49913774654936,1178.793,573.4036
14.667,14.045731278418277,37.497808756366666,1178.772,573.4244
14.7,14.04375482916066,37.49648746847989,1178.75,573.4453
14.733,14.04178007437485,37.4951741524562,1178.728,573.4661
14.767,14.039879060709483,37.493845162273495,1178.707,573.4869
14.8,14.037906000395463,37.492539818112895,1178.685,573.5076
14.833,14.035931245609653,37.491226502089205,1178.663,573.5284
14.867,14.034031926416098,37.4899054837696,1178.642,573.5491
14.9,14.03205717163027,37.488592167745914,1178.62,573.5699
14.933,14.030157852436712,37.4872711494263,1178.599,573.5906
14.967,14.028181403179095,37.485949861539524,1178.577,573.6115
15.0,14.02628038951373,37.48462087135682,1178.556,573.6323
15.033,14.024305634727922,37.48330755533314,1178.534,573.6531
15.067,14.022404621062538,37.481978565150435,1178.513,573.6739
15.1,14.020429866276729,37.48066524912676,1178.491,573.6947
15.133,14.018528852611361,37.47933625894405,1178.47,573.7155
15.167,14.016554097825551,37.47802294292036,1178.448,573.7363
15.2,14.01465308416017,37.47669395273767,1178.427,573.7571
15.233,14.012676634902553,37.475372664850894,1178.405,573.778
15.267,14.010775621237187,37.47404367466819,1178.384,573.7988
15.3,14.210208363192537,37.68093906762388,1180.401,570.8069
15.333,14.22465623958714,37.75906374985586,1180.373,569.8324
15.367,14.219168206929794,37.75826390713949,1180.304,569.856
15.4,14.213750526449278,37.757432446537905,1180.236,569.8798
15.433,14.208257410376493,37.75660868823228,1180.167,569.9037
15.467,14.20283634095236,37.755761283904526,1180.099,569.9277
15.5,14.197415271528227,37.75491387957678,1180.031,569.9517
15.533,14.191922155455456,37.754090121271126,1179.962,569.9756
15.567,14.260242206476345,37.737568557927894,1180.894,569.9996
15.6,14.254821137052211,37.73672115360014,1180.826,570.0236
15.633,14.266344785706135,37.81559238013905,1180.758,569.0476
15.667,14.260849975161555,37.81476064997032,1180.689,569.0716
15.7,14.255428905737425,37.813913245642574,1180.621,569.0956
15.733,14.079524854254604,38.436019969219394,1176.623,562.0779
15.767,14.079970563533667,38.43739166880462,1176.625,562.0603
15.8,14.080404411510072,38.43870756534823,1176.627,562.0434
15.833,14.080838259486475,38.44002346189184,1176.629,562.0265
15.867,14.081198366342457,38.44135503259447,1176.63,562.0096
15.9,12.728557306664852,42.229721906108026,1148.632,519.9928
15.933,12.728612408595408,42.229618541455054,1148.633,519.9939
15.967,12.7287395571746,42.22949153077999,1148.635,519.9951
16.0,12.728794659105159,42.22938816612701,1148.636,519.9962
16.033,12.728851455507524,42.229292773337136,1148.637,519.9972
16.067,12.72890825190989,42.229197380547255,1148.638,519.9982
16.1,12.728966742784063,42.22910995962046,1148.639,519.9991
16.133,12.729097280306888,42.228998892671555,1148.641,520.0001
16.167,12.746098794787311,42.308622130748326,1148.642,519.0011
16.2,12.746155591189675,42.308526737958445,1148.643,519.0021
16.233,12.74621238759204,42.30843134516856,1148.644,519.0031
16.267,12.746344619586656,42.30832825008276,1148.646,519.004
16.3,12.746401415989023,42.30823285729287,1148.647,519.005
16.333,12.746458212391389,42.30813746450299,1148.648,519.006
16.367,12.746588749914213,42.308026397554094,1148.65,519.007
16.4,12.663603570123328,43.3676446414861,1144.651,506.5013
16.433,12.663591708820675,43.3675888384445,1144.651,506.502
16.467,12.695251966645365,43.5274166063174,1144.621,504.503
16.5,12.692873611601225,43.52783048891194,1144.589,504.5041
16.533,12.690568997677545,43.528228697347465,1144.558,504.5052
16.567,12.68819233710523,43.52865055180509,1144.526,504.5062
16.6,12.685889417653346,43.52905673210371,1144.495,504.5072
16.633,12.683511062609227,43.52947061469826,1144.463,504.5083
16.667,12.681208143157356,43.529876794996866,1144.432,504.5093
16.7,12.678833177056852,43.53030662131759,1144.4,504.5102
16.733,12.67653364654858,43.53072874534238,1144.369,504.511
16.767,12.674158680448073,43.531158571663084,1144.337,504.5119
16.8,12.671857455468011,43.53157272382479,1144.306,504.5128
16.833,12.669484183839296,43.532010522008584,1144.274,504.5136
16.867,12.667182958859234,43.532424674170294,1144.243,504.5145
16.9,12.664809687230536,43.53286247235409,1144.211,504.5153
16.933,12.66251015672228,43.53328459637887,1144.18,504.5161
16.967,12.660136885093566,43.53372239456267,1144.148,504.5169
17.0,12.657835660113504,43.53413654672437,1144.117,504.5178
17.033,12.655462388484809,43.53457434490818,1144.085,504.5186
17.067,12.653162857976554,43.53499646893297,1144.054,504.5194
17.1,12.65078958634784,43.53543426711678,1144.022,504.5202
17.133,12.648488361367777,43.53584841927848,1143.991,504.5211
17.167,12.719856210184101,43.520612058446794,1144.959,504.5219
17.2,12.717556679675846,43.52103418247157,1144.928,504.5227
17.233,12.715183408047132,43.52147198065537,1144.896,504.5235
17.267,12.706908965737012,44.56562656881805,1141.909,492.0128
17.3,12.72244751911119,44.645619093116736,1141.89,491.0131
17.333,12.722546677308749,44.64572299690401,1141.891,491.0116
17.367,12.722719576626755,44.64581122653228,1141.893,491.0101
17.4,12.722817040352506,44.64590715845648,1141.894,491.0087
17.433,12.722914504078261,44.64600309038068,1141.895,491.0073
17.467,12.72301196780401,44.64609902230488,1141.896,491.0059
17.5,12.723186561593822,44.64619522379623,1141.898,491.0043
17.533,12.72328741426319,44.64630709944661,1141.899,491.0027
17.567,12.723460313581212,44.64639532907488,1141.901,491.0012
17.6,12.72356116625058,44.64650720472525,1141.902,490.9996
17.633,12.706789347490528,44.56687680348686,1141.904,491.9981
17.667,12.706888505688088,44.566980707274155,1141.905,491.9966
17.7,13.040017451125152,45.414470447999015,1143.89,480.9753
17.733,13.040188655971349,45.414550705764206,1143.892,480.9739
17.767,13.040433601937988,45.41461528937037,1143.895,480.9725
17.8,13.040604806784184,45.41469554713556,1143.897,480.9711
17.833,13.040776011630381,45.414775804900735,1143.899,480.9697
17.867,13.041020957597038,45.4148403885069,1143.902,480.9683
17.9,13.041192162443231,45.41492064627209,1143.904,480.9669
17.933,13.041363367289426,45.415000904037264,1143.906,480.9655
17.967,13.041606618784275,45.41505751578035,1143.909,480.9642
18.0,13.041776129158665,45.41512980168245,1143.911,480.9629
18.033,13.04194563953305,45.41520208758454,1143.913,480.9616
18.067,13.042188891027884,45.41525869932762,1143.916,480.9603
18.1,13.04235840140227,45.415330985229716,1143.918,480.959
18.133,13.042529606248484,45.4154112429949,1143.92,480.9576
18.167,13.04269911662287,45.41548352889699,1143.922,480.9563
18.2,13.042942368117703,45.415540140640076,1143.925,480.955
18.233,13.043113572963899,45.41562039840525,1143.927,480.9536
18.267,13.043283083338304,45.41569268430735,1143.929,480.9523
18.3,13.043528029304941,45.41575726791351,1143.932,480.9509
18.333,13.04369753967933,45.41582955381562,1143.934,480.9496
18.367,13.043868744525525,45.415909811580796,1143.936,480.9482
18.4,13.043868744525525,45.415909811580796,1143.936,480.9482
18.433,13.043868744525525,45.415909811580796,1143.936,480.9482
18.467,13.043868744525525,45.415909811580796,1143.936,480.9482
18.5,13.043868744525525,45.415909811580796,1143.936,480.9482
18.533,13.043868744525525,45.415909811580796,1143.936,480.9482
18.567,13.043868744525525,45.415909811580796,1143.936,480.9482
18.6,13.043868744525525,45.415909811580796,1143.936,480.9482
18.633,13.043868744525525,45.415909811580796,1143.936,480.9482
18.667,13.043868744525525,45.415909811580796,1143.936,480.9482
18.7,13.043868744525525,45.415909811580796,1143.936,480.9482
18.733,13.043868744525525,45.415909811580796,1143.936,480.9482
18.767,13.043868744525525,45.415909811580796,1143.936,480.9482
18.8,13.043868744525525,45.415909811580796,1143.936,480.9482
18.833,13.043868744525525,45.415909811580796,1143.936,480.9482
18.867,13.043868744525525,45.415909811580796,1143.936,480.9482
18.9,13.043868744525525,45.415909811580796,1143.936,480.9482
18.933,13.043868744525525,45.415909811580796,1143.936,480.9482
18.967,13.043868744525525,45.415909811580796,1143.936,480.9482
19.0,13.043868744525525,45.415909811580796,1143.936,480.9482
19.033,13.043868744525525,45.415909811580796,1143.936,480.9482
19.067,13.87008173485817,47.48994204990292,1148.936,453.9482
19.1,13.870247856288959,47.489998392078846,1148.938,453.9471
19.133,13.870412283247926,47.49004676239168,1148.94,453.9461
19.167,13.87057671020689,47.49009513270452,1148.942,453.9451
19.2,13.870742831637664,47.49015147488045,1148.944,453.944
19.233,13.870907258596628,47.490199845193274,1148.946,453.943
19.267,13.871071685555608,47.49024821550611,1148.948,453.942
19.3,13.871237806986379,47.49030455768203,1148.95,453.9409
19.333,13.789017965587972,48.55026004596811,1144.96,441.4292
19.367,13.789106956954683,48.550316118576866,1144.961,441.4283
19.4,13.790451305034384,48.549388801938896,1144.981,441.436
19.433,13.791721911993635,48.54847715945992,1145.0,441.4437
19.467,13.719325139628316,48.56322400183743,1144.02,441.4514
19.5,13.720667793236203,48.562288713336365,1144.04,441.4592
19.533,13.7220121413159,48.56136139669838,1144.06,441.4669
19.567,13.7233564893956,48.56043408006039,1144.08,441.4746
19.6,13.7247008374753,48.55950676342241,1144.1,441.4823
19.633,13.726043491083189,48.558571474921344,1144.12,441.4901
19.667,13.727384450219287,48.55762821455718,1144.14,441.498
19.7,13.728799150475814,48.55666928003401,1144.161,441.5059
19.733,13.730140109611899,48.55572601966986,1144.181,441.5138
19.767,13.731481068747977,48.5547827593057,1144.201,441.5217
19.8,13.732242012976899,48.55691232501847,1144.205,441.4942
19.833,13.733002957205835,48.559041890731244,1144.209,441.4667
19.867,13.733765595906561,48.5611794283071,1144.213,441.4391
19.9,13.734603670199558,48.56330926358704,1144.218,441.4114
19.933,13.735366308900284,48.56544680116288,1144.222,441.3838
19.967,13.736130642072837,48.56759231060183,1144.226,441.3561
20.0,13.736893280773565,48.56972984817769,1144.23,441.3285
20.033,13.737731355066542,48.57185968345762,1144.235,441.3008
20.067,13.738493993767289,48.57399722103347,1144.239,441.2732
20.1,13.73925832693982,48.57614273047242,1144.243,441.2455
20.133,13.740096401232817,48.57827256575234,1144.248,441.2178
20.167,13.740860734405354,48.5804180751913,1144.252,441.1901
20.2,13.741698808698349,48.58254791047123,1144.257,441.1624
20.233,13.742461447399076,48.584685448047075,1144.261,441.1348
20.267,13.74322578057163,48.58683095748603,1144.265,441.1071
20.3,13.744063854864605,48.588960792765945,1144.27,441.0794
20.333,13.744828188037143,48.59110630220489,1144.274,441.0517
20.367,13.745666262330138,48.59323613748483,1144.279,441.024
20.4,13.746428901030864,48.595373675060685,1144.283,440.9964
20.433,13.730322257245804,48.51778487947396,1144.288,441.9687
20.467,13.731086590418338,48.519930388912904,1144.292,441.941
20.5,13.731924664711336,48.52206022419284,1144.297,441.9133
20.533,13.731924664711336,48.52206022419284,1144.297,441.9133
20.567,13.731924664711336,48.52206022419284,1144.297,441.9133
20.6,13.731924664711336,48.52206022419284,1144.297,441.9133
20.633,13.731924664711336,48.52206022419284,1144.297,441.9133
20.667,13.731924664711336,48.52206022419284,1144.297,441.9133
20.7,13.731924664711336,48.52206022419284,1144.297,441.9133
20.733,13.731924664711336,48.52206022419284,1144.297,441.9133
20.767,13.731924664711336,48.52206022419284,1144.297,441.9133
20.8,13.731924664711336,48.52206022419284,1144.297,441.9133
20.833,13.731924664711336,48.52206022419284,1144.297,441.9133
20.867,13.731924664711336,48.52206022419284,1144.297,441.9133
20.9,13.731924664711336,48.52206022419284,1144.297,441.9133
20.933,13.731924664711336,48.52206022419284,1144.297,441.9133
20.967,13.731924664711336,48.52206022419284,1144.297,441.9133
21.0,13.731924664711336,48.52206022419284,1144.297,441.9133
21.033,13.731924664711336,48.52206022419284,1144.297,441.9133
21.067,13.731924664711336,48.52206022419284,1144.297,441.9133
21.1,13.731924664711336,48.52206022419284,1144.297,441.9133
21.133,13.731924664711336,48.52206022419284,1144.297,441.9133
21.167,13.731924664711336,48.52206022419284,1144.297,441.9133
21.2,13.731924664711336,48.52206022419284,1144.297,441.9133
21.233,13.731924664711336,48.52206022419284,1144.297,441.9133
21.267,13.731924664711336,48.52206022419284,1144.297,441.9133
21.3,13.731924664711336,48.52206022419284,1144.297,441.9133
21.333,13.731924664711336,48.52206022419284,1144.297,441.9133
21.367,13.731924664711336,48.52206022419284,1144.297,441.9133
21.4,13.731924664711336,48.52206022419284,1144.297,441.9133
21.433,13.731924664711336,48.52206022419284,1144.297,441.9133
21.467,13.731924664711336,48.52206022419284,1144.297,441.9133
21.5,13.731924664711336,48.52206022419284,1144.297,441.9133
21.533,13.731924664711336,48.52206022419284,1144.297,441.9133
21.567,13.731924664711336,48.52206022419284,1144.297,441.9133
21.6,13.731924664711336,48.52206022419284,1144.297,441.9133
21.633,13.731924664711336,48.52206022419284,1144.297,441.9133
21.667,13.731924664711336,48.52206022419284,1144.297,441.9133
21.7,13.731924664711336,48.52206022419284,1144.297,441.9133
21.733,13.731924664711336,48.52206022419284,1144.297,441.9133
21.767,13.731924664711336,48.52206022419284,1144.297,441.9133
21.8,13.731924664711336,48.52206022419284,1144.297,441.9133
21.833,13.731924664711336,48.52206022419284,1144.297,441.9133
21.867,13.731924664711336,48.52206022419284,1144.297,441.9133
21.9,13.731924664711336,48.52206022419284,1144.297,441.9133
21.933,13.731924664711336,48.52206022419284,1144.297,441.9133
21.967,13.731924664711336,48.52206022419284,1144.297,441.9133
22.0,15.147124592283827,51.554063868703984,1154.297,401.9133
22.033,15.147273768996524,51.55404049224904,1154.299,401.9132
22.067,15.147273768996524,51.55404049224904,1154.299,401.9132
22.1,15.147273768996524,51.55404049224904,1154.299,401.9132
22.133,15.147273768996524,51.55404049224904,1154.299,401.9132
22.167,15.147273768996524,51.55404049224904,1154.299,401.9132
22.2,15.147273768996524,51.55404049224904,1154.299,401.9132
22.233,15.147273768996524,51.55404049224904,1154.299,401.9132
22.267,15.147273768996524,51.55404049224904,1154.299,401.9132
22.3,15.147273768996524,51.55404049224904,1154.299,401.9132
22.333,15.147273768996524,51.55404049224904,1154.299,401.9132
22.367,15.147273768996524,51.55404049224904,1154.299,401.9132
22.4,15.147273768996524,51.55404049224904,1154.299,401.9132
22.433,15.147273768996524,51.55404049224904,1154.299,401.9132
22.467,15.147273768996524,51.55404049224904,1154.299,401.9132
22.5,15.147273768996524,51.55404049224904,1154.299,401.9132
22.533,15.147273768996524,51.55404049224904,1154.299,401.9132
22.567,15.147273768996524,51.55404049224904,1154.299,401.9132
22.6,15.147273768996524,51.55404049224904,1154.299,401.9132
22.633,15.147273768996524,51.55404049224904,1154.299,401.9132
22.667,15.147273768996524,51.55404049224904,1154.299,401.9132
22.7,15.147273768996524,51.55404049224904,1154.299,401.9132
22.733,15.147273768996524,51.55404049224904,1154.299,401.9132
22.767,15.147273768996524,51.55404049224904,1154.299,401.9132
22.8,15.147273768996524,51.55404049224904,1154.299,401.9132
22.833,15.147273768996524,51.55404049224904,1154.299,401.9132
22.867,15.147273768996524,51.55404049224904,1154.299,401.9132
22.9,15.147273768996524,51.55404049224904,1154.299,401.9132
22.933,15.147273768996524,51.55404049224904,1154.299,401.9132
22.967,15.147273768996524,51.55404049224904,1154.299,401.9132
23.0,15.147273768996524,51.55404049224904,1154.299,401.9132
23.033,15.147273768996524,51.55404049224904,1154.299,401.9132
23.067,15.147273768996524,51.55404049224904,1154.299,401.9132
23.1,15.147273768996524,51.55404049224904,1154.299,401.9132
23.133,15.147273768996524,51.55404049224904,1154.299,401.9132
23.167,15.147273768996524,51.55404049224904,1154.299,401.9132
23.2,15.147273768996524,51.55404049224904,1154.299,401.9132
23.233,15.147273768996524,51.55404049224904,1154.299,401.9132
23.267,15.147273768996524,51.55404049224904,1154.299,401.9132
23.3,15.147273768996524,51.55404049224904,1154.299,401.9132
23.333,19.68564389064258,56.58844475895091,1199.299,329.9132
23.367,19.685710853875797,56.588397197339546,1199.3,329.9136
23.4,19.685777817109006,56.58834963572818,1199.301,329.914
23.433,19.68584308587041,56.588294102253734,1199.302,329.9145
23.467,19.68591004910364,56.58824654064237,1199.303,329.9149
23.5,19.685977012336853,56.588198979031006,1199.304,329.9153
23.533,19.686043975570065,56.588151417419645,1199.305,329.9157
23.567,19.686109244331465,56.58809588394519,1199.306,329.9162
23.6,19.68617620756468,56.58804832233383,1199.307,329.9166
23.633,19.686169429677452,56.58801643488149,1199.307,329.917
23.667,19.686236392910658,56.587968873270114,1199.308,329.9174
23.7,19.686303356143874,56.58792131165877,1199.309,329.9178
23.733,19.686370319377083,56.58787375004739,1199.31,329.9182
23.767,19.6864372826103,56.58782618843604,1199.311,329.9186
23.8,19.686504245843512,56.58777862682468,1199.312,329.919
23.833,19.68657120907674,56.587731065213305,1199.313,329.9194
23.867,19.68663817230995,56.58768350360195,1199.314,329.9198
23.9,19.68663139442272,56.5876516161496,1199.314,329.9202
23.933,19.68663139442272,56.5876516161496,1199.314,329.9202
23.967,19.68663139442272,56.5876516161496,1199.314,329.9202
24.0,19.68663139442272,56.5876516161496,1199.314,329.9202
24.033,19.68663139442272,56.5876516161496,1199.314,329.9202
24.067,19.68663139442272,56.5876516161496,1199.314,329.9202
24.1,19.68663139442272,56.5876516161496,1199.314,329.9202
24.133,19.68663139442272,56.5876516161496,1199.314,329.9202
24.167,19.68663139442272,56.5876516161496,1199.314,329.9202
24.2,19.68663139442272,56.5876516161496,1199.314,329.9202
24.233,19.68663139442272,56.5876516161496,1199.314,329.9202
24.267,19.68663139442272,56.5876516161496,1199.314,329.9202
24.3,19.68663139442272,56.5876516161496,1199.314,329.9202
24.333,19.68663139442272,56.5876516161496,1199.314,329.9202
24.367,19.68663139442272,56.5876516161496,1199.314,329.9202
24.4,19.68663139442272,56.5876516161496,1199.314,329.9202
24.433,19.68663139442272,56.5876516161496,1199.314,329.9202
24.467,25.872097184710746,58.85566497626942,1273.314,286.9202
24.5,25.872122601787865,58.85578455421573,1273.314,286.9187
24.533,25.872148018864983,58.85590413216203,1273.314,286.9172
24.567,25.872175130413908,58.85603168197141,1273.314,286.9156
24.6,25.872200547491026,58.856151259917716,1273.314,286.9141
24.633,25.872155612391314,58.85630245574921,1273.313,286.9124
24.667,25.872182723940234,58.856430005558586,1273.313,286.9108
24.7,25.872211529960968,58.856565527231055,1273.313,286.9091
24.733,25.872238641509895,58.85669307704045,1273.313,286.9075
24.767,25.87226744753063,58.85682859871292,1273.313,286.9058
24.8,25.87222081795909,58.856971822681324,1273.312,286.9042
24.833,25.872249623979826,58.85710734435381,1273.312,286.9025
24.867,25.87227673552875,58.857234894163184,1273.312,286.9009
24.9,25.87230554154948,58.85737041583565,1273.312,286.8992
24.933,25.872332653098404,58.85749796564504,1273.312,286.8976
24.967,25.87236145911914,58.85763348731752,1273.312,286.8959
25.0,25.872388570668065,58.85776103712691,1273.312,286.8943
25.033,25.872343635568352,58.85791223295839,1273.311,286.8926
25.067,25.872370747117273,58.85803978276777,1273.311,286.891
25.1,25.87239955313801,58.85817530444025,1273.311,286.8893
25.133,25.872426664686934,58.858302854249644,1273.311,286.8877
25.167,25.872455470707667,58.85843837592211,1273.311,286.886
25.2,25.872482582256595,58.8585659257315,1273.311,286.8844
25.233,25.87250969380552,58.85869347554088,1273.311,286.8828
25.267,25.87253849982625,58.85882899721336,1273.311,286.8811
25.3,25.87253849982625,58.85882899721336,1273.311,286.8811
25.333,25.87253849982625,58.85882899721336,1273.311,286.8811
25.367,25.87253849982625,58.85882899721336,1273.311,286.8811
25.4,25.87253849982625,58.85882899721336,1273.311,286.8811
25.433,25.87253849982625,58.85882899721336,1273.311,286.8811
25.467,25.87253849982625,58.85882899721336,1273.311,286.8811
25.5,25.87253849982625,58.85882899721336,1273.311,286.8811
25.533,25.87253849982625,58.85882899721336,1273.311,286.8811
25.567,25.87253849982625,58.85882899721336,1273.311,286.8811
25.6,25.87253849982625,58.85882899721336,1273.311,286.8811
25.633,25.87253849982625,58.85882899721336,1273.311,286.8811
25.667,25.87253849982625,58.85882899721336,1273.311,286.8811
25.7,25.87253849982625,58.85882899721336,1273.311,286.8811
25.733,25.87253849982625,58.85882899721336,1273.311,286.8811
25.767,25.87253849982625,58.85882899721336,1273.311,286.8811
25.8,25.87253849982625,58.85882899721336,1273.311,286.8811
25.833,25.87253849982625,58.85882899721336,1273.311,286.8811
25.867,25.87253849982625,58.85882899721336,1273.311,286.8811
25.9,25.87253849982625,58.85882899721336,1273.311,286.8811
25.933,30.108729775028255,59.20820387337672,1327.311,271.8811
25.967,30.108717913725606,59.20814807033513,1327.311,271.8818
26.0,30.10870435795114,59.20808429543044,1327.311,271.8826
26.033,30.108692496648487,59.20802849238882,1327.311,271.8833
26.067,30.10868063534583,59.207972689347216,1327.311,271.884
26.1,30.10866707957137,59.20790891444253,1327.311,271.8848
26.133,30.108655218268716,59.20785311140092,1327.311,271.8855
26.167,30.108643356966063,59.20779730835932,1327.311,271.8862
26.2,30.10870354231204,59.207717859295606,1327.312,271.887
26.233,30.108691681009383,59.207662056253994,1327.312,271.8877
26.267,30.10867981970673,59.20760625321238,1327.312,271.8884
26.3,30.108666263932268,59.207542478307694,1327.312,271.8892
26.333,30.10865440262961,59.20748667526608,1327.312,271.8899
26.367,30.108642541326958,59.20743087222449,1327.312,271.8906
26.4,30.1086289855525,59.2073670973198,1327.312,271.8914
26.433,30.10861712424984,59.20731129427819,1327.312,271.8921
26.467,30.10861712424984,59.20731129427819,1327.312,271.8921
26.5,30.10861712424984,59.20731129427819,1327.312,271.8921
26.533,30.10861712424984,59.20731129427819,1327.312,271.8921
26.567,30.10861712424984,59.20731129427819,1327.312,271.8921
26.6,30.10861712424984,59.20731129427819,1327.312,271.8921
26.633,30.10861712424984,59.20731129427819,1327.312,271.8921
26.667,30.10861712424984,59.20731129427819,1327.312,271.8921
26.7,30.10861712424984,59.20731129427819,1327.312,271.8921
26.733,30.10861712424984,59.20731129427819,1327.312,271.8921
26.767,30.10861712424984,59.20731129427819,1327.312,271.8921
26.8,30.10861712424984,59.20731129427819,1327.312,271.8921
26.833,30.10861712424984,59.20731129427819,1327.312,271.8921
26.867,30.10861712424984,59.20731129427819,1327.312,271.8921
26.9,30.10861712424984,59.20731129427819,1327.312,271.8921
26.933,30.10861712424984,59.20731129427819,1327.312,271.8921
26.967,30.10861712424984,59.20731129427819,1327.312,271.8921
27.0,30.10861712424984,59.20731129427819,1327.312,271.8921
27.033,30.10861712424984,59.20731129427819,1327.312,271.8921
27.067,30.10861712424984,59.20731129427819,1327.312,271.8921
27.1,36.02987169974207,58.78191319973658,1405.312,261.8921
27.133,36.02992849614446,58.78181780694669,1405.313,261.8931
27.167,36.02998359807501,58.78171444229372,1405.314,261.8942
27.2,36.02996665335694,58.78163472366286,1405.314,261.8952
27.233,36.03002175528749,58.78153135900989,1405.315,261.8963
27.267,36.030004810569416,58.78145164037901,1405.315,261.8973
27.3,36.03005991249997,58.78134827572604,1405.316,261.8984
27.333,36.030116708902334,58.78125288293617,1405.317,261.8994
27.367,36.03009806971245,58.78116519244222,1405.317,261.9005
27.4,36.03015486611481,58.781069799652336,1405.318,261.9015
27.433,36.030137921396744,58.78099008102148,1405.318,261.9025
27.467,36.030122671150465,58.78091833425369,1405.318,261.9034
27.5,36.030179467552834,58.7808229414638,1405.319,261.9044
27.533,36.03016252283476,58.78074322283294,1405.319,261.9054
27.567,36.03021931923712,58.78064783004305,1405.32,261.9064
27.6,36.03020406899084,58.780576083275264,1405.32,261.9073
27.633,36.030185429800966,58.78048839278133,1405.32,261.9084
27.667,36.03024222620333,58.780392999991435,1405.321,261.9094
27.7,36.03022528148525,58.78031328136057,1405.321,261.9104
27.733,36.030208336767174,58.78023356272971,1405.321,261.9114
27.767,36.03026513316954,58.78013816993983,1405.322,261.9124
27.8,36.03024818845146,58.78005845130896,1405.322,261.9134
27.833,36.03030498485384,58.77996305851908,1405.323,261.9144
27.867,36.030288040135765,58.77988333988821,1405.323,261.9154
27.9,36.030288040135765,58.77988333988821,1405.323,261.9154
27.933,36.030288040135765,58.77988333988821,1405.323,261.9154
27.967,36.030288040135765,58.77988333988821,1405.323,261.9154
28.0,36.030288040135765,58.77988333988821,1405.323,261.9154
28.033,36.030288040135765,58.77988333988821,1405.323,261.9154
28.067,36.030288040135765,58.77988333988821,1405.323,261.9154
28.1,36.030288040135765,58.77988333988821,1405.323,261.9154
28.133,36.030288040135765,58.77988333988821,1405.323,261.9154
28.167,36.030288040135765,58.77988333988821,1405.323,261.9154
28.2,36.030288040135765,58.77988333988821,1405.323,261.9154
28.233,36.030288040135765,58.77988333988821,1405.323,261.9154
28.267,36.030288040135765,58.77988333988821,1405.323,261.9154
28.3,36.030288040135765,58.77988333988821,1405.323,261.9154
28.333,36.030288040135765,58.77988333988821,1405.323,261.9154
28.367,36.030288040135765,58.77988333988821,1405.323,261.9154
28.4,36.030288040135765,58.77988333988821,1405.323,261.9154
28.433,36.030288040135765,58.77988333988821,1405.323,261.9154
28.467,36.030288040135765,58.77988333988821,1405.323,261.9154
28.5,36.030288040135765,58.77988333988821,1405.323,261.9154
28.533,36.030288040135765,58.77988333988821,1405.323,261.9154
28.567,36.030288040135765,58.77988333988821,1405.323,261.9154
28.6,36.030288040135765,58.77988333988821,1405.323,261.9154
28.633,36.030288040135765,58.77988333988821,1405.323,261.9154
28.667,36.030288040135765,58.77988333988821,1405.323,261.9154
28.7,38.224634909088024,59.31330461686983,1432.323,249.9154
28.733,38.224641686975254,59.31333650432218,1432.323,249.915
28.767,38.22464846486248,59.31336839177452,1432.323,249.9146
28.8,38.22465354827791,59.313392307363785,1432.323,249.9143
28.833,38.224660326165136,59.31342419481612,1432.323,249.9139
28.867,38.22466710405237,59.31345608226847,1432.323,249.9135
28.9,38.22474762306004,59.31347229556181,1432.324,249.9131
28.933,38.224754400947276,59.31350418301416,1432.324,249.9127
28.967,38.2247594843627,59.31352809860343,1432.324,249.9124
29.0,38.22476626224993,59.31355998605575,1432.324,249.912
29.033,38.22477304013716,59.3135918735081,1432.324,249.9116
29.067,38.22477981802439,59.31362376096045,1432.324,249.9112
29.1,38.224786595911624,59.313655648412805,1432.324,249.9108
29.133,38.22479337379885,59.31368753586514,1432.324,249.9104
29.167,38.22479337379885,59.31368753586514,1432.324,249.9104
29.2,38.22479337379885,59.31368753586514,1432.324,249.9104
29.233,38.22479337379885,59.31368753586514,1432.324,249.9104
29.267,38.22479337379885,59.31368753586514,1432.324,249.9104
29.3,38.22479337379885,59.31368753586514,1432.324,249.9104
29.333,38.22479337379885,59.31368753586514,1432.324,249.9104
29.367,38.22479337379885,59.31368753586514,1432.324,249.9104
29.4,38.22479337379885,59.31368753586514,1432.324,249.9104
29.433,38.22479337379885,59.31368753586514,1432.324,249.9104
29.467,38.22479337379885,59.31368753586514,1432.324,249.9104
29.5,38.22479337379885,59.31368753586514,1432.324,249.9104
29.533,38.22479337379885,59.31368753586514,1432.324,249.9104
29.567,38.22479337379885,59.31368753586514,1432.324,249.9104
29.6,38.22479337379885,59.31368753586514,1432.324,249.9104
29.633,38.22479337379885,59.31368753586514,1432.324,249.9104
29.667,38.22479337379885,59.31368753586514,1432.324,249.9104
29.7,38.22479337379885,59.31368753586514,1432.324,249.9104
29.733,41.72357344455065,59.8198040021834,1476.324,234.9104
29.767,42.828006908861354,59.75045696511596,1490.845,232.9252
29.8,42.82809251128445,59.75049709399856,1490.846,232.9245
29.833,42.82810606705891,59.75056086890325,1490.846,232.9237
29.867,42.82819336395382,59.75060896964892,1490.847,232.9229
29.9,42.82820691972829,59.750672744553626,1490.847,232.9221
29.933,42.82822047550275,59.750736519458314,1490.847,232.9213
29.967,42.82830777239766,59.75078462020401,1490.848,232.9205
30.0,42.82832302264393,59.75085636697178,1490.848,232.9196
30.033,42.82833827289019,59.750928113739555,1490.848,232.9187
30.067,42.828353523136464,59.75099986050734,1490.848,232.9178
30.1,42.82844082003137,59.751047961253015,1490.849,232.917
30.133,42.82845607027764,59.75111970802079,1490.849,232.9161
30.167,42.8284696260521,59.75118348292548,1490.849,232.9153
30.2,42.82848487629837,59.751255229693264,1490.849,232.9144
30.233,42.828498432072834,59.75131900459797,1490.849,232.9136
30.267,42.828587423439544,59.751375077206724,1490.85,232.9127
30.3,42.82860097921401,59.75143885211141,1490.85,232.9119
30.333,42.828614534988475,59.751502627016116,1490.85,232.9111
30.367,42.82862978523474,59.75157437378389,1490.85,232.9102
30.4,42.828717082129664,59.751622474529576,1490.851,232.9094
30.433,45.06293088561711,60.11000407753017,1518.851,222.9085
30.467,45.062882561573765,60.11013932963549,1518.85,222.907
30.5,45.062907978650884,60.11025890758178,1518.85,222.9055
30.533,45.062857960135744,60.11038618782402,1518.849,222.9041
30.567,45.062883377212856,60.11050576577033,1518.849,222.9026
30.6,45.06283505316953,60.110641017875636,1518.848,222.9011
30.633,45.06278672912621,60.11077626998095,1518.847,222.8996
30.667,45.06281214620333,60.110895847927246,1518.847,222.8981
30.7,45.06281214620333,60.110895847927246,1518.847,222.8981
30.733,45.06281214620333,60.110895847927246,1518.847,222.8981
30.767,45.06281214620333,60.110895847927246,1518.847,222.8981
30.8,45.06281214620333,60.110895847927246,1518.847,222.8981
30.833,45.06281214620333,60.110895847927246,1518.847,222.8981
30.867,45.06281214620333,60.110895847927246,1518.847,222.8981
30.9,45.06281214620333,60.110895847927246,1518.847,222.8981
30.933,45.06281214620333,60.110895847927246,1518.847,222.8981
30.967,45.06281214620333,60.110895847927246,1518.847,222.8981
31.0,45.06281214620333,60.110895847927246,1518.847,222.8981
31.033,45.06281214620333,60.110895847927246,1518.847,222.8981
31.067,45.06281214620333,60.110895847927246,1518.847,222.8981
31.1,45.06281214620333,60.110895847927246,1518.847,222.8981
31.133,45.06281214620333,60.110895847927246,1518.847,222.8981
31.167,45.06281214620333,60.110895847927246,1518.847,222.8981
31.2,45.06281214620333,60.110895847927246,1518.847,222.8981
31.233,45.06281214620333,60.110895847927246,1518.847,222.8981
31.267,45.06281214620333,60.110895847927246,1518.847,222.8981
31.3,45.06281214620333,60.110895847927246,1518.847,222.8981
31.333,45.06281214620333,60.110895847927246,1518.847,222.8981
31.367,47.12756351866392,59.672019395493564,1546.847,222.8981
31.4,47.127580463381996,59.67209911412442,1546.847,222.8971
31.433,47.12752366697964,59.67219450691432,1546.846,222.8961
31.467,47.127538917225905,59.672266253682096,1546.846,222.8952
31.5,47.12755586194399,59.67234597231297,1546.846,222.8942
31.533,47.12757280666206,59.672425690943825,1546.846,222.8932
31.567,47.12758805690834,59.6724974377116,1546.846,222.8923
31.6,47.12760500162641,59.67257715634247,1546.846,222.8913
31.633,47.12762194634449,59.67265687497334,1546.846,222.8903
31.667,47.12763889106257,59.6727365936042,1546.846,222.8893
31.7,47.12758040018839,59.672824014531,1546.845,222.8884
31.733,47.12759734490647,59.67290373316186,1546.845,222.8874
31.767,47.127614289624546,59.672983451792746,1546.845,222.8864
31.8,47.12763123434263,59.6730631704236,1546.845,222.8854
31.833,47.1276481790607,59.67314288905446,1546.845,222.8844
31.867,47.12766342930698,59.67321463582225,1546.845,222.8835
31.9,47.127680374025054,59.67329435445312,1546.845,222.8825
31.933,47.12769731874313,59.67337407308398,1546.845,222.8815
31.967,47.12764052234076,59.673469465873865,1546.844,222.8805
32.0,47.12765746705884,59.67354918450472,1546.844,222.8795
32.033,46.4072163345702,59.91085388387913,1536.842,221.8693
32.067,46.40724514059093,59.910989405551604,1536.842,221.8676
32.1,46.76011019429839,59.75555649698548,1541.849,222.8329
32.133,46.76121436385882,59.75821301436345,1541.856,222.7982
32.167,46.76231853341925,59.76086953174141,1541.863,222.7635
32.2,47.07263090889833,59.77763103558418,1545.843,221.7707
32.233,47.07266310386268,59.77778250098281,1545.843,221.7688
32.267,47.07262325217839,59.77795761240357,1545.842,221.7668
32.3,47.07265375267093,59.77810110593913,1545.842,221.765
32.333,47.07268255869166,59.778236627611605,1545.842,221.7633
32.367,47.07271475365601,59.77838809301025,1545.842,221.7614
32.4,47.07274525414855,59.77853158654581,1545.842,221.7596
32.433,47.0727774491129,59.778683051944455,1545.842,221.7577
32.467,47.07280794960544,59.77882654548003,1545.842,221.7559
32.5,47.07284014456979,59.778978010878674,1545.842,221.754
32.533,47.07287064506232,59.77912150441422,1545.842,221.7522
32.567,47.07290284002668,59.77927296981288,1545.842,221.7503
32.6,50.64639825250816,59.18650206420136,1593.842,219.7484
32.633,50.64639147462093,59.18647017674901,1593.842,219.7488
32.667,50.646458437854136,59.186422615137644,1593.843,219.7492
32.7,51.835001904179876,59.51495761918581,1608.358,212.7741
32.733,51.835015459954334,59.515021394090496,1608.358,212.7733
32.767,51.83510445132105,59.51507746669927,1608.359,212.7724
32.8,51.83511800709552,59.515141241603956,1608.359,212.7716
32.833,51.835131562869975,59.515205016508645,1608.359,212.7708
32.867,51.83514511864444,59.51526879141335,1608.359,212.77
32.9,51.83516036889071,59.515340538181135,1608.359,212.7691
32.933,51.8352459713138,59.51538066706371,1608.36,212.7684
32.967,51.83525952708827,59.51544444196841,1608.36,212.7676
33.0,51.83527308286273,59.5155082168731,1608.36,212.7668
33.033,51.83528494416538,59.515564019914706,1608.36,212.7661
33.067,51.835372241060305,59.51561212066039,1608.361,212.7653
33.1,51.835385796834764,59.51567589556508,1608.361,212.7645
33.133,51.835397658137424,59.515731698606686,1608.361,212.7638
33.167,51.83541121391188,59.515795473511375,1608.361,212.763
33.2,51.835498510806794,59.51584357425706,1608.362,212.7622
33.233,51.83551206658125,59.51590734916175,1608.362,212.7614
33.267,51.835523927883905,59.515963152203355,1608.362,212.7607
33.3,51.83553748365837,59.51602692710806,1608.362,212.7599
33.333,51.835624780553275,59.51607502785373,1608.363,212.7591
33.367,51.83563833632774,59.516138802758434,1608.363,212.7583
33.4,51.83565019763039,59.516194605800024,1608.363,212.7576
33.433,51.83566375340486,59.51625838070473,1608.363,212.7568
33.467,51.83575105029976,59.51630648145041,1608.364,212.756
33.5,51.83576460607422,59.516370256355096,1608.364,212.7552
33.533,51.835776467376874,59.516426059396714,1608.364,212.7545
33.567,51.83579002315134,59.5164898343014,1608.364,212.7537
33.6,51.83587562557444,59.51652996318399,1608.365,212.753
33.633,51.8358874868771,59.516585766225596,1608.365,212.7523
33.667,51.835899348179744,59.5166415692672,1608.365,212.7516
33.7,51.835899348179744,59.5166415692672,1608.365,212.7516
33.733,51.835899348179744,59.5166415692672,1608.365,212.7516
33.767,51.835899348179744,59.5166415692672,1608.365,212.7516
33.8,51.835899348179744,59.5166415692672,1608.365,212.7516
33.833,54.30638192819339,62.074376935946056,1633.365,175.7516
33.867,54.30638531713701,62.07439287967224,1633.365,175.7514
33.9,54.30646244720107,62.07439314923939,1633.366,175.7512
33.933,54.306464141672876,62.07440112110249,1633.366,175.7511
33.967,54.30654127173694,62.07440139066964,1633.367,175.7509
34.0,54.306542966208745,62.07440936253273,1633.367,175.7508
34.033,54.30661840180099,62.07440166023679,1633.368,175.7507
34.067,54.30662348521641,62.074425575826055,1633.368,175.7504
34.1,54.30670230975228,62.074433817256306,1633.369,175.7501
34.133,54.306782828759964,62.07445003054964,1633.37,175.7497
34.167,54.30686165329584,62.07445827197987,1633.371,175.7494
34.2,54.3069404778317,62.074466513410115,1633.372,175.7491
34.233,54.307020996839384,62.07448272670345,1633.373,175.7487
34.267,54.30709982137525,62.0744909681337,1633.374,175.7484
34.3,54.30710659926248,62.07452285558604,1633.374,175.748
34.333,54.307185423798344,62.07453109701629,1633.375,175.7477
34.367,54.307264248334214,62.07453933844653,1633.376,175.7474
34.4,54.30734476734189,62.07455555173986,1633.377,175.747
34.433,54.30742359187775,62.074563793170114,1633.378,175.7467
34.467,54.30750241641362,62.07457203460035,1633.379,175.7464
34.5,54.30758293542131,62.074588247893686,1633.38,175.746
34.533,54.30758801883674,62.07461216348295,1633.38,175.7457
34.567,54.3076668433726,62.07462040491319,1633.381,175.7454
34.6,54.30774736238027,62.07463661820651,1633.382,175.745
34.633,54.307826186916145,62.07464485963676,1633.383,175.7447
34.667,54.30790501145201,62.074653101067,1633.384,175.7444
34.7,54.307911789339244,62.07468498851935,1633.384,175.744
34.733,54.307990613875106,62.074693229949595,1633.385,175.7437
34.767,54.30807113288278,62.07470944324293,1633.386,175.7433
34.8,54.308076216298204,62.0747333588322,1633.386,175.743
34.833,54.30815504083407,62.074741600262435,1633.387,175.7427
34.867,54.308233865369935,62.074749841692686,1633.388,175.7424
34.9,54.30831438437761,62.07476605498601,1633.389,175.742
34.933,54.308319467793034,62.074789970575274,1633.389,175.7417
34.967,54.30839829232892,62.07479821200551,1633.39,175.7414
35.0,54.308477116864786,62.07480645343576,1633.391,175.7411
35.033,54.30855594140065,62.074814694866,1633.392,175.7408
35.067,54.30856271928788,62.07484658231835,1633.392,175.7404
35.1,54.308641543823754,62.0748548237486,1633.393,175.7401
35.133,54.308641543823754,62.0748548237486,1633.393,175.7401
35.167,54.308641543823754,62.0748548237486,1633.393,175.7401
35.2,54.308641543823754,62.0748548237486,1633.393,175.7401
35.233,54.308641543823754,62.0748548237486,1633.393,175.7401
35.267,54.308641543823754,62.0748548237486,1633.393,175.7401
35.3,54.308641543823754,62.0748548237486,1633.393,175.7401
35.333,54.308641543823754,62.0748548237486,1633.393,175.7401
35.367,54.308641543823754,62.0748548237486,1633.393,175.7401
35.4,54.308641543823754,62.0748548237486,1633.393,175.7401
35.433,54.308641543823754,62.0748548237486,1633.393,175.7401
35.467,54.308641543823754,62.0748548237486,1633.393,175.7401
35.5,54.308641543823754,62.0748548237486,1633.393,175.7401
35.533,54.308641543823754,62.0748548237486,1633.393,175.7401
35.567,54.308641543823754,62.0748548237486,1633.393,175.7401
35.6,54.308641543823754,62.0748548237486,1633.393,175.7401
35.633,54.308641543823754,62.0748548237486,1633.393,175.7401
35.667,54.308641543823754,62.0748548237486,1633.393,175.7401
35.7,54.308641543823754,62.0748548237486,1633.393,175.7401
35.733,54.308641543823754,62.0748548237486,1633.393,175.7401
35.767,54.308641543823754,62.0748548237486,1633.393,175.7401
35.8,54.308641543823754,62.0748548237486,1633.393,175.7401
35.833,54.308641543823754,62.0748548237486,1633.393,175.7401
35.867,55.802602813653735,65.8400003050751,1642.393,126.7401
35.9,55.80268841607683,65.84004043395767,1642.394,126.7394
35.933,55.80277401849993,65.84008056284027,1642.395,126.7387
35.967,55.80278418533078,65.84012839401879,1642.395,126.7381
36.0,55.80286978775387,65.84016852290138,1642.396,126.7374
36.033,55.80288164905652,65.84022432594298,1642.396,126.7367
36.067,55.80296725147963,65.84026445482559,1642.397,126.736
36.1,55.802977418310476,65.8403122860041,1642.397,126.7354
36.133,55.80306132626176,65.8403444430236,1642.398,126.7348
36.167,55.80307149309261,65.84039227420212,1642.398,126.7342
36.2,55.803155401043895,65.84042443122163,1642.399,126.7336
36.233,55.80316556787474,65.84047226240017,1642.399,126.733
36.267,55.80324947582606,65.84050441941964,1642.4,126.7324
36.3,55.803259642656904,65.84055225059817,1642.4,126.7318
36.333,55.80334355060819,65.84058440761768,1642.401,126.7312
36.367,55.80335371743904,65.8406322387962,1642.401,126.7306
36.4,55.80343762539033,65.8406643958157,1642.402,126.73
36.433,55.80344779222118,65.84071222699421,1642.402,126.7294
36.467,55.80353170017247,65.84074438401373,1642.403,126.7288
36.5,55.803543561475124,65.84080018705532,1642.403,126.7281
36.533,55.803629163898215,65.84084031593794,1642.404,126.7274
36.567,55.80371476632132,65.84088044482053,1642.405,126.7267
36.6,55.80372662762397,65.84093624786213,1642.405,126.726
36.633,55.80381223004707,65.84097637674472,1642.406,126.7253
36.667,55.803824091349725,65.84103217978632,1642.406,126.7246
36.7,55.80391138824463,65.841080280532,1642.407,126.7238
36.733,55.80399699066773,65.8411204094146,1642.408,126.7231
36.767,55.80400885197038,65.8411762124562,1642.408,126.7224
36.8,55.8040961488653,65.84122431320188,1642.409,126.7216
36.833,55.80410801016795,65.84128011624348,1642.409,126.7209
36.867,55.80419530706287,65.84132821698917,1642.41,126.7201
36.9,55.80419530706287,65.84132821698917,1642.41,126.7201
36.933,55.80419530706287,65.84132821698917,1642.41,126.7201
36.967,55.80419530706287,65.84132821698917,1642.41,126.7201
37.0,55.80419530706287,65.84132821698917,1642.41,126.7201
37.033,55.80419530706287,65.84132821698917,1642.41,126.7201
37.067,55.80419530706287,65.84132821698917,1642.41,126.7201
37.1,55.80419530706287,65.84132821698917,1642.41,126.7201
37.133,55.80419530706287,65.84132821698917,1642.41,126.7201
37.167,55.80419530706287,65.84132821698917,1642.41,126.7201
37.2,55.80419530706287,65.84132821698917,1642.41,126.7201
37.233,55.80419530706287,65.84132821698917,1642.41,126.7201
37.267,55.80419530706287,65.84132821698917,1642.41,126.7201
37.3,55.80419530706287,65.84132821698917,1642.41,126.7201
37.333,55.80419530706287,65.84132821698917,1642.41,126.7201
37.367,55.80419530706287,65.84132821698917,1642.41,126.7201
37.4,56.54474183344901,68.60012799335942,1644.41,91.72015
37.433,56.54475216972703,68.60017662172424,1644.41,91.71954
37.467,56.54468876488461,68.6002409242481,1644.409,91.71893
37.5,56.54469910116264,68.60028955261292,1644.409,91.71832
37.533,56.54463586576739,68.60035465232306,1644.408,91.7177
37.567,56.54464687983415,68.60040646943314,1644.408,91.71705
37.6,56.54458449167481,68.60047555507484,1644.407,91.71638
37.633,56.544595505741555,68.6005273721849,1644.407,91.71573
37.667,56.54460668925549,68.60057998648128,1644.407,91.71507
37.7,56.54454430109616,68.60064907212298,1644.406,91.7144
37.733,56.54455599295163,68.60070407797826,1644.406,91.71371
37.767,56.54456785425428,68.60075988101987,1644.406,91.71301
37.8,56.54450580498931,68.60083056103419,1644.405,91.71232
37.833,56.54451749684479,68.60088556688949,1644.405,91.71163
37.867,56.54445544757982,68.60095624690379,1644.404,91.71094
37.9,56.544467308882474,68.60101204994541,1644.404,91.71024
37.933,56.54447917018513,68.601067852987,1644.404,91.70954
37.967,56.54441712092016,68.60113853300132,1644.403,91.70885
38.0,56.54442864332846,68.6011927416703,1644.403,91.70817
38.033,56.54444050463111,68.6012485447119,1644.403,91.70747
38.067,56.54437845536614,68.60131922472624,1644.402,91.70678
38.1,56.544390147221606,68.60137423058151,1644.402,91.70609
38.133,56.54432792850946,68.60144411340954,1644.401,91.70541
38.167,56.54433978981211,68.60149991645113,1644.401,91.70471
38.2,56.54435148166759,68.60155492230643,1644.401,91.70402
38.233,56.54428943240262,68.60162560232074,1644.4,91.70333
38.267,56.5443011242581,68.60168060817605,1644.4,91.70264
38.3,56.544313155007934,68.60173720840396,1644.4,91.70193
